{
	"format_version": "1.21.11",
	"credit": "Made with Blockbench",
	"texture_size": [64, 64],
	"textures": {
		"0": "fabricatormiddle",
		"particle": "fabricatorcircle"
	},
	"elements": [
		{
			"from": [-9, 0, 3],
			"to": [-7, 2, 13],
			"rotation": {"angle": 25, "axis": "y", "origin": [8, 0, 8]},
			"faces": {
				"north": {"uv": [4, 6.5, 4.5, 7], "texture": "#0"},
				"east": {"uv": [0, 0, 2.5, 0.5], "texture": "#0"},
				"south": {"uv": [7.5, 0, 8, 0.5], "texture": "#0"},
				"west": {"uv": [0, 0.5, 2.5, 1], "texture": "#0"},
				"up": {"uv": [0.5, 3.5, 0, 1], "texture": "#0"},
				"down": {"uv": [1, 1, 0.5, 3.5], "texture": "#0"}
			}
		},
		{
			"from": [23, 0, 3],
			"to": [25, 2, 13],
			"rotation": {"angle": 25, "axis": "y", "origin": [8, 0, 8]},
			"faces": {
				"north": {"uv": [7.5, 0.5, 8, 1], "texture": "#0"},
				"east": {"uv": [1, 1, 3.5, 1.5], "texture": "#0"},
				"south": {"uv": [7.5, 1, 8, 1.5], "texture": "#0"},
				"west": {"uv": [1, 1.5, 3.5, 2], "texture": "#0"},
				"up": {"uv": [1.5, 4.5, 1, 2], "texture": "#0"},
				"down": {"uv": [2, 2, 1.5, 4.5], "texture": "#0"}
			}
		},
		{
			"from": [23, 0, 3],
			"to": [25, 1.99, 13],
			"rotation": {"x": 0, "y": 57.5, "z": 0, "origin": [8, 0, 8]},
			"faces": {
				"north": {"uv": [7.5, 4.5, 8, 5], "texture": "#0"},
				"east": {"uv": [2.5, 0.5, 5, 1], "texture": "#0"},
				"south": {"uv": [7.5, 5, 8, 5.5], "texture": "#0"},
				"west": {"uv": [3, 2.5, 5.5, 3], "texture": "#0"},
				"up": {"uv": [3.5, 5.5, 3, 3], "texture": "#0"},
				"down": {"uv": [0.5, 3.5, 0, 6], "texture": "#0"}
			}
		},
		{
			"from": [-9, 0, 3],
			"to": [-7, 1.99, 13],
			"rotation": {"x": 0, "y": 57.5, "z": 0, "origin": [8, 0, 8]},
			"faces": {
				"north": {"uv": [1.75, 7.5, 2.25, 8], "texture": "#0"},
				"east": {"uv": [2, 2, 4.5, 2.5], "texture": "#0"},
				"south": {"uv": [2.25, 7.5, 2.75, 8], "texture": "#0"},
				"west": {"uv": [2.5, 0, 5, 0.5], "texture": "#0"},
				"up": {"uv": [2.5, 5, 2, 2.5], "texture": "#0"},
				"down": {"uv": [3, 2.5, 2.5, 5], "texture": "#0"}
			}
		},
		{
			"from": [23, 0, 3],
			"to": [25, 2, 13],
			"rotation": {"x": 0, "y": 90, "z": 0, "origin": [8, 0, 8]},
			"faces": {
				"north": {"uv": [7, 7.5, 7.5, 8], "texture": "#0"},
				"east": {"uv": [4, 3, 6.5, 3.5], "texture": "#0"},
				"south": {"uv": [7.5, 7.5, 8, 8], "texture": "#0"},
				"west": {"uv": [4, 3.5, 6.5, 4], "texture": "#0"},
				"up": {"uv": [4.5, 6.5, 4, 4], "texture": "#0"},
				"down": {"uv": [1.5, 4.5, 1, 7], "texture": "#0"}
			}
		},
		{
			"from": [-9, 0, 3],
			"to": [-7, 2, 13],
			"rotation": {"x": 0, "y": 90, "z": 0, "origin": [8, 0, 8]},
			"faces": {
				"north": {"uv": [7.5, 5.5, 8, 6], "texture": "#0"},
				"east": {"uv": [3.5, 1, 6, 1.5], "texture": "#0"},
				"south": {"uv": [6.5, 7.5, 7, 8], "texture": "#0"},
				"west": {"uv": [3.5, 1.5, 6, 2], "texture": "#0"},
				"up": {"uv": [1, 6, 0.5, 3.5], "texture": "#0"},
				"down": {"uv": [4, 3, 3.5, 5.5], "texture": "#0"}
			}
		},
		{
			"from": [23, 0, 3],
			"to": [25, 1.99, 13],
			"rotation": {"x": 180, "y": 57.5, "z": 180, "origin": [8, 0, 8]},
			"faces": {
				"north": {"uv": [4.5, 7.75, 5, 8.25], "texture": "#0"},
				"east": {"uv": [5, 0, 7.5, 0.5], "texture": "#0"},
				"south": {"uv": [8, 0, 8.5, 0.5], "texture": "#0"},
				"west": {"uv": [5, 0.5, 7.5, 1], "texture": "#0"},
				"up": {"uv": [2.5, 7.5, 2, 5], "texture": "#0"},
				"down": {"uv": [3, 5, 2.5, 7.5], "texture": "#0"}
			}
		},
		{
			"from": [-9, 0, 3],
			"to": [-7, 1.99, 13],
			"rotation": {"x": 180, "y": 57.5, "z": 180, "origin": [8, 0, 8]},
			"faces": {
				"north": {"uv": [7.75, 3.75, 8.25, 4.25], "texture": "#0"},
				"east": {"uv": [4.5, 2, 7, 2.5], "texture": "#0"},
				"south": {"uv": [4, 7.75, 4.5, 8.25], "texture": "#0"},
				"west": {"uv": [4.5, 4, 7, 4.5], "texture": "#0"},
				"up": {"uv": [2, 7, 1.5, 4.5], "texture": "#0"},
				"down": {"uv": [5, 4.5, 4.5, 7], "texture": "#0"}
			}
		},
		{
			"from": [23, 0, 3],
			"to": [25, 2, 13],
			"rotation": {"x": 180, "y": 25, "z": 180, "origin": [8, 0, 8]},
			"faces": {
				"north": {"uv": [1.75, 8, 2.25, 8.5], "texture": "#0"},
				"east": {"uv": [5.5, 2.5, 8, 3], "texture": "#0"},
				"south": {"uv": [2.25, 8, 2.75, 8.5], "texture": "#0"},
				"west": {"uv": [5, 5.5, 7.5, 6], "texture": "#0"},
				"up": {"uv": [0.5, 8.5, 0, 6], "texture": "#0"},
				"down": {"uv": [1, 6, 0.5, 8.5], "texture": "#0"}
			}
		},
		{
			"from": [-9, 0, 3],
			"to": [-7, 2, 13],
			"rotation": {"x": 180, "y": 25, "z": 180, "origin": [8, 0, 8]},
			"faces": {
				"north": {"uv": [8, 0.5, 8.5, 1], "texture": "#0"},
				"east": {"uv": [5, 4.5, 7.5, 5], "texture": "#0"},
				"south": {"uv": [8, 1, 8.5, 1.5], "texture": "#0"},
				"west": {"uv": [5, 5, 7.5, 5.5], "texture": "#0"},
				"up": {"uv": [3.5, 8, 3, 5.5], "texture": "#0"},
				"down": {"uv": [4, 5.5, 3.5, 8], "texture": "#0"}
			}
		},
		{
			"from": [23, 0, 5],
			"to": [26, 3, 11],
			"rotation": {"angle": 0, "axis": "y", "origin": [23, 0, 6]},
			"faces": {
				"north": {"uv": [7, 3.75, 7.75, 4.5], "texture": "#0"},
				"east": {"uv": [6, 1, 7.5, 1.75], "texture": "#0"},
				"south": {"uv": [4, 7, 4.75, 7.75], "texture": "#0"},
				"west": {"uv": [5, 6, 6.5, 6.75], "texture": "#0"},
				"up": {"uv": [7.25, 7.5, 6.5, 6], "texture": "#0"},
				"down": {"uv": [5.75, 6.75, 5, 8.25], "texture": "#0"}
			}
		},
		{
			"from": [-10, 0, 5],
			"to": [-7, 3, 11],
			"rotation": {"angle": 0, "axis": "y", "origin": [-9, 0, 6]},
			"faces": {
				"north": {"uv": [7.25, 6, 8, 6.75], "texture": "#0"},
				"east": {"uv": [6.5, 3, 8, 3.75], "texture": "#0"},
				"south": {"uv": [7.25, 6.75, 8, 7.5], "texture": "#0"},
				"west": {"uv": [7, 1.75, 8.5, 2.5], "texture": "#0"},
				"up": {"uv": [6.5, 8.25, 5.75, 6.75], "texture": "#0"},
				"down": {"uv": [1.75, 7, 1, 8.5], "texture": "#0"}
			}
		}
	],
	"display": {}
}