{
	"format_version": "1.21.6",
	"credit": "Made with Blockbench",
	"texture_size": [64, 64],
	"textures": {
		"0": "item/slot",
		"1": "item/darkerslot",
		"particle": "item/slot"
	},
	"elements": [
		{
			"from": [-1, -6.25, -1],
			"to": [17, 12, 0],
			"faces": {
				"north": {"uv": [0, 0, 4, 4], "texture": "#1"},
				"east": {"uv": [0, 4, 4, 8], "texture": "#1"},
				"south": {"uv": [4, 0, 8, 4], "texture": "#1"},
				"west": {"uv": [4, 4, 8, 8], "texture": "#1"},
				"up": {"uv": [4, 12, 0, 8], "texture": "#1"},
				"down": {"uv": [12, 0, 8, 4], "texture": "#1"}
			}
		},
		{
			"from": [-1, 12, -1],
			"to": [17, 17, 17],
			"rotation": {"angle": 0, "axis": "y", "origin": [0, 9, 0]},
			"faces": {
				"north": {"uv": [0, 0, 4, 4], "texture": "#0"},
				"east": {"uv": [0, 4, 4, 8], "texture": "#0"},
				"south": {"uv": [4, 0, 8, 4], "texture": "#0"},
				"west": {"uv": [4, 4, 8, 8], "texture": "#0"},
				"up": {"uv": [4, 12, 0, 8], "texture": "#0"},
				"down": {"uv": [12, 0, 8, 4], "texture": "#0"}
			}
		}
	],
	"gui_light": "front",
	"display": {
		"thirdperson_righthand": {
			"scale": [0, 0, 0]
		},
		"thirdperson_lefthand": {
			"scale": [0, 0, 0]
		},
		"firstperson_righthand": {
			"scale": [0, 0, 0]
		},
		"firstperson_lefthand": {
			"scale": [0, 0, 0]
		},
		"ground": {
			"scale": [0.35, 0.35, 0.35]
		},
		"gui": {
			"translation": [0, -24.5, -80],
			"scale": [1, 4, 1]
		},
		"head": {
			"scale": [0, 0, 0]
		},
		"fixed": {
			"scale": [0, 0, 0]
		}
	}
}