{
	"format_version": "1.21.6",
	"credit": "Made with Blockbench",
	"texture_size": [16, 6],
	"textures": {
		"0": "block/barbed_wire",
		"particle": "block/barbed_wire"
	},
	"elements": [
		{
			"from": [0, 3, 5],
			"to": [16, 3, 11],
			"rotation": {"angle": 45, "axis": "x", "origin": [0, 3, 8]},
			"faces": {
				"north": {"uv": [16, 0, 0, 0], "rotation": 180, "texture": "#0"},
				"east": {"uv": [0, 0, 0, 21.33333], "rotation": 90, "texture": "#0"},
				"south": {"uv": [16, 0, 0, 0], "texture": "#0"},
				"west": {"uv": [0, 0, 0, 21.33333], "rotation": 270, "texture": "#0"},
				"up": {"uv": [16, 0, 0, 16], "texture": "#0"},
				"down": {"uv": [0, 0, 16, 16], "rotation": 180, "texture": "#0"}
			}
		},
		{
			"from": [0, -3, 8],
			"to": [16, 3, 8],
			"rotation": {"angle": 45, "axis": "x", "origin": [0, 0, 8]},
			"faces": {
				"north": {"uv": [0, 0, 16, 16], "texture": "#0"},
				"east": {"uv": [0, 0, 0, 21.33333], "texture": "#0"},
				"south": {"uv": [16, 0, 0, 16], "texture": "#0"},
				"west": {"uv": [0, 0, 0, 21.33333], "texture": "#0"},
				"up": {"uv": [16, 0, 0, 0], "texture": "#0"},
				"down": {"uv": [16, 0, 0, 0], "texture": "#0"}
			}
		},
		{
			"from": [0, 0, 5],
			"to": [16, 0, 11],
			"rotation": {"angle": 45, "axis": "x", "origin": [0, 0, 8]},
			"faces": {
				"north": {"uv": [16, 0, 0, 0], "rotation": 180, "texture": "#0"},
				"east": {"uv": [0, 0, 0, 21.33333], "rotation": 90, "texture": "#0"},
				"south": {"uv": [16, 0, 0, 0], "texture": "#0"},
				"west": {"uv": [0, 0, 0, 21.33333], "rotation": 270, "texture": "#0"},
				"up": {"uv": [16, 0, 0, 16], "texture": "#0"},
				"down": {"uv": [0, 0, 16, 16], "rotation": 180, "texture": "#0"}
			}
		},
		{
			"from": [0, 0, 8],
			"to": [16, 6, 8],
			"rotation": {"angle": 45, "axis": "x", "origin": [0, 3, 8]},
			"faces": {
				"north": {"uv": [0, 0, 16, 16], "texture": "#0"},
				"east": {"uv": [0, 0, 0, 21.33333], "texture": "#0"},
				"south": {"uv": [16, 0, 0, 16], "texture": "#0"},
				"west": {"uv": [0, 0, 0, 21.33333], "texture": "#0"},
				"up": {"uv": [16, 0, 0, 0], "texture": "#0"},
				"down": {"uv": [16, 0, 0, 0], "texture": "#0"}
			}
		}
	]
}